{
  "version": 2,
  "routes": [
    {
      "src": "/holidayheat",
      "dest": "/holidayheat.html"
    },
    {
      "src": "/buyback",
      "dest": "/buyback.html"
    },
    {
      "src": "/(.*)",
      "dest": "/$1"
    }
  ],
  "headers": [
    {
      "source": "/(.*)",
      "headers": [
        {
          "key": "X-Frame-Options",
          "value": "SAMEORIGIN"
        },
        {
          "key": "X-Content-Type-Options",
          "value": "nosniff"
        },
        {
          "key": "Referrer-Policy",
          "value": "strict-origin-when-cross-origin"
        },
        {
          "key": "Permissions-Policy",
          "value": "geolocation=(), microphone=(), camera=()"
        },
        {
          "key": "Content-Security-Policy",
          "value": "default-src 'self'; img-src 'self' data: https:; style-src 'self' 'unsafe-inline' https:; script-src 'self' 'unsafe-inline' https:; font-src 'self' https: data:; connect-src 'self' https:"
        }
      ]
    }
  ]
}